Iteration,MeanValue,BestValue
0,5.474071303873321e+19,1.8446744073709654e+19
1,2.6609428326326153e+19,1.8446744073709654e+19
2,3.1313348065122083e+19,2.767011611056444e+19
3,5.889123045531786e+19,4.611686018427397e+19
4,inf,4.611686018427398e+19
5,5.736937406923682e+19,3.689348814741921e+19
6,7.424814489668098e+19,7.378697629483827e+19
7,1.0754451794972672e+20,7.37869762948383e+19
8,8.33792832131673e+19,7.37869762948383e+19
9,6.456360425798355e+19,6.456360425798354e+19
