Iteration,MeanValue,BestValue,kelimination,kselection,meanMutation,meanCrossover,meanSwitches
0,6627080.120811501,6439599.003000001,5,5,0.20059418957340833,0.8728199922198725,50
1,6522894.3097399995,6356378.579999997,6,6,0.14429446091196818,0.7935934477142298,50
2,6458249.473269246,6385810.143,6,7,0.10485637755782157,0.8541231492595495,50
3,6390205.223434994,6324859.391000004,6,7,0.04876286106555826,0.9561271336201987,50
4,6128799.675639992,6095158.07099999,7,7,0.028135802535323738,0.9706273956470207,50
5,5672440.58780499,5666006.883999989,7,8,9.452073391469418e-05,0.9974243307360615,50
6,5047828.5310949925,5044722.124999992,6,7,0.0,1.0,50
7,4943353.023999993,4940765.864999991,6,7,0.00326756398344202,0.9938038688202288,50
