Iteration,MeanValue,BestValue
0,5.128194852491268e+19,2.7670116110564426e+19
1,2.8039050992038638e+19,1.8446744073709674e+19
2,4.441053635745586e+19,3.6893488147419234e+19
3,5.040572818141148e+19,4.611686018427399e+19
4,5.9536866497897685e+19,4.611686018427397e+19
5,5.81072438321852e+19,5.534023222112875e+19
6,inf,8.301034833169302e+19
7,9.67070558064224e+19,7.378697629483832e+19
8,1.5679732462653122e+20,1.5679732462653122e+20
9,6.456360425798355e+19,6.456360425798353e+19
